name,startRAh,startRAm,endRAh,endRAm,startDecd,startDecm,endDecd,endDecm,date
46,1,20,2,8,83,59,84,54,12-18-1783
47,2,52,3,42,86,42,88,12,12-18-1783
48,4,43,7,3,86,39,87,54,12-18-1783
49,7,31,7,54,115,14,116,22,12-18-1783
50,8,33,9,30,89,2,90,32,12-18-1783
51,9,42,10,2,76,19,77,49,12-18-1783
52,23,36,0,51,80,17,81,57,12-19-1783
54,3,27,4,21,90,15,92,0,12-19-1783
55,5,22,6,45,90,28,91,58,12-19-1783
57,8,39,9,2,81,56,83,26,12-19-1783
58,9,4,10,3,84,20,85,50,12-19-1783
59,10,50,11,21,82,50,84,20,12-19-1783
60,0,29,1,19,66,23,68,8,12-21-1783
61,1,53,2,6,88,36,90,21,12-21-1783
64,1,7,1,24,89,36,91,6,12-24-1783
65,6,17,7,5,93,0,94,30,12-24-1783
66,7,1,7,41,89,29,90,59,12-24-1783
67,5,47,6,20,80,22,81,52,12-26-1783
68,5,7,6,45,71,47,73,47,12-30-1783
69,7,10,7,35,71,55,73,55,12-30-1783
70,7,56,9,31,71,55,73,50,12-30-1783
71,10,6,11,13,71,55,73,50,12-30-1783
72,11,28,11,50,71,55,73,50,12-30-1783
74,12,29,12,38,71,46,72,4,12-30-1783
75,12,44,13,23,71,46,72,4,12-30-1783
76,2,51,4,30,84,38,86,38,1-16-1784
79,7,7,7,33,60,30,62,30,1-17-1784
81,5,51,6,21,78,37,80,44,1-18-1784
83,9,31,10,32,78,22,80,29,1-18-1784
84,10,48,11,20,78,22,80,29,1-18-1784
85,11,54,11,59,78,22,80,29,1-18-1784
86,12,25,12,28,78,22,80,29,1-18-1784
91,6,17,6,36,73,12,75,3,1-20-1784
92,8,8,8,49,73,5,74,56,1-20-1784
93,9,23,9,49,73,5,74,56,1-20-1784
96,2,47,3,30,88,28,90,22,1-23-1784
97,3,47,4,20,88,52,90,19,1-23-1784
99,4,54,6,4,88,20,89,39,1-23-1784
100,7,12,7,53,80,37,82,4,1-23-1784
101,7,57,9,18,80,39,82,4,1-23-1784
102b,9,49,10,45,80,25,81,59,1-23-1784
103,11,1,11,26,80,25,81,59,1-23-1784
104,12,5,12,7,80,25,81,59,1-23-1784
105,12,19,12,33,80,26,82,0,1-23-1784
106,12,38,12,39,80,26,82,0,1-23-1784
107,12,42,12,46,80,26,82,0,1-23-1784
108,12,42,12,46,80,26,82,0,1-23-1784
109,12,49,13,24,80,26,82,0,1-23-1784
110,13,59,14,17,80,26,82,0,1-23-1784
111,14,25,14,32,80,26,82,0,1-23-1784
112,2,46,4,4,83,20,84,46,1-24-1784
113a,4,26,4,31,83,56,85,19,1-24-1784
113b,4,31,5,10,84,26,85,49,1-24-1784
114,5,27,6,41,84,14,85,48,1-24-1784
115,7,48,8,28,84,15,85,49,1-24-1784
116,9,34,9,45,84,23,85,58,1-24-1784
117a,9,55,10,11,84,23,85,58,1-24-1784
117b,10,11,11,5,86,31,87,58,1-24-1784
118,11,39,12,2,86,31,87,58,1-24-1784
125,13,22,14,2,86,30,87,57,1-24-1784
127,6,23,6,55,69,26,72,17,1-25-1784
130a,8,11,8,47,93,3,94,42,1-28-1784
130b,8,50,9,27,93,3,94,42,1-28-1784
130c,9,27,10,12,93,3,94,42,1-28-1784
131,11,28,12,17,80,26,84,3,1-28-1784
134,14,15,14,49,79,0,81,5,1-30-1784
136,3,48,4,44,101,22,102,50,2-8-1784
137a,4,21,4,31,75,44,77,23,2-10-1784
137b,4,36,4,48,75,44,77,23,2-10-1784
138,5,46,7,12,76,44,78,32,2-11-1784
139a,7,23,7,26,76,44,78,32,2-11-1784
139b,7,36,7,43,76,44,78,32,2-11-1784
140a,8,59,9,17,76,51,78,39,2-11-1784
140b,9,17,9,38,76,51,78,39,2-11-1784
143a,4,32,4,41,70,26,72,41,2-15-1784
143b,4,41,4,54,70,11,72,26,2-15-1784
144,4,58,6,4,69,52,72,7,2-15-1784
145,6,12,6,51,68,34,71,5,2-15-1784
146,10,9,12,10,68,16,70,47,2-15-1784
147,4,48,5,19,73,11,75,22,2-19-1784
148,5,49,6,21,73,17,75,17,2-19-1784
149,6,25,6,45,73,15,75,15,2-19-1784
150,12,15,13,46,73,26,75,26,2-19-1784
152,9,57,10,13,88,33,90,20,2-22-1784
154a,11,53,12,7,88,32,90,19,2-22-1784
154b,12,16,12,53,88,32,90,19,2-22-1784
155,13,15,13,34,88,26,90,13,2-22-1784
156,5,44,8,37,82,35,84,24,2-23-1784
157,9,40,10,51,82,47,84,36,2-23-1784
158,10,53,13,20,84,46,86,29,2-23-1784
159,14,58,16,16,74,52,76,52,3-1-1784
160,6,18,7,2,73,57,76,21,3-8-1784
161,7,5,7,26,73,57,76,21,3-8-1784
162,6,18,6,29,77,34,79,48,3-11-1784
163a,6,31,7,44,78,3,80,17,3-11-1784
163b,7,44,9,45,78,24,80,38,3-11-1784
164a,9,46,10,7,76,35,78,59,3-11-1784
164b,10,7,10,20,77,3,79,27,3-11-1784
164c,10,20,11,6,76,35,79,27,3-11-1784
164d,11,6,11,14,76,35,78,59,3-11-1784
165a,6,41,7,5,65,56,68,28,3-12-1784
165b,7,8,7,30,65,56,68,28,3-12-1784
166,9,37,11,14,65,58,68,35,3-12-1784
167,11,59,12,25,65,58,68,35,3-12-1784
168a,6,38,6,57,67,42,70,9,3-14-1784
168b,6,57,7,14,67,42,70,9,3-14-1784
168c,7,14,7,44,67,57,70,24,3-14-1784
169a,8,34,9,42,68,4,70,31,3-14-1784
169b,9,42,9,48,69,0,71,27,3-14-1784
169c,9,48,10,10,68,4,70,31,3-14-1784
170a,10,43,12,5,69,51,71,45,3-14-1784
170b,12,5,14,42,69,58,71,50,3-14-1784
171a,15,21,15,37,69,52,71,46,3-14-1784
171b,15,37,15,56,69,52,71,46,3-14-1784
172a,7,17,7,31,77,5,79,6,3-15-1784
172b,7,31,8,1,76,29,78,30,3-15-1784
172c,8,1,9,48,76,38,78,39,3-15-1784
173,10,31,10,51,78,34,80,34,3-15-1784
174a,11,3,12,3,76,56,78,57,3-15-1784
174b,12,3,13,31,76,51,78,52,3-15-1784
175a,14,0,16,7,76,44,78,47,3-15-1784
175b,16,7,16,23,76,44,78,47,3-15-1784
176a,6,43,7,1,74,21,76,31,3-16-1784
176b,7,1,7,8,74,37,76,47,3-16-1784
178a,11,22,11,32,78,50,80,29,3-19-1784
178b,11,37,12,2,78,50,80,29,3-19-1784
179a,13,30,14,5,78,50,80,29,3-19-1784
179b,14,5,14,45,78,38,80,17,3-19-1784
180a,15,11,16,37,78,37,80,16,3-19-1784
180b,16,37,16,45,78,37,80,16,3-19-1784
181a,7,53,8,20,69,34,71,49,3-21-1784
181b,8,20,10,36,69,54,72,9,3-21-1784
181c,10,36,10,53,70,2,72,17,3-21-1784
182a,11,37,12,36,71,28,73,23,3-21-1784
182b,12,36,13,54,71,44,73,39,3-21-1784
183,15,15,16,32,71,34,73,32,3-21-1784
184,8,38,9,48,71,59,74,4,3-23-1784
186,16,17,17,4,74,44,76,34,3-31-1784
187a,9,21,9,44,73,12,75,35,4-8-1784
187b,9,44,11,57,73,29,75,52,4-8-1784
187c,11,57,12,29,73,29,75,52,4-8-1784
188a,9,56,10,45,75,37,77,26,4-12-1784
188b,10,45,11,46,75,11,77,0,4-12-1784
189a,11,57,12,1,75,8,77,3,4-12-1784
189b,12,19,12,23,75,8,77,3,4-12-1784
189c,12,32,13,30,75,8,77,3,4-12-1784
189d,13,30,14,24,75,25,77,20,4-12-1784
189e,14,24,14,42,75,5,77,0,4-12-1784
190a,15,13,15,34,75,14,77,16,4-12-1784
190b,15,34,16,27,75,1,77,3,4-12-1784
190c,16,27,16,42,75,1,77,3,4-12-1784
191,10,26,13,43,81,19,83,10,4-13-1784
194a,11,12,11,22,78,9,80,12,4-15-1784
194b,11,22,11,51,78,35,80,38,4-15-1784
194c,11,51,13,34,78,34,80,37,4-15-1784
195a,13,59,15,45,80,7,81,56,4-15-1784
196a,10,16,10,24,81,12,83,3,4-17-1784
196b,10,24,10,35,81,19,83,10,4-17-1784
200a,13,16,13,27,73,11,75,52,4-17-1784
200b,13,27,13,40,73,6,75,47,4-17-1784
200c,13,40,14,0,73,6,75,47,4-17-1784
200d,14,8,14,21,73,6,75,47,4-17-1784
200e,15,24,15,32,73,22,76,3,4-17-1784
201a,10,28,10,38,85,10,86,51,4-18-1784
201b,10,38,10,52,83,32,85,13,4-18-1784
201c,10,52,11,9,84,12,85,53,4-18-1784
202a,12,20,12,41,80,5,82,3,4-18-1784
202b,12,41,13,7,80,5,82,3,4-18-1784
204a,12,12,12,35,90,11,92,12,4-22-1784
204b,12,35,13,44,90,26,92,27,4-22-1784
210a,12,25,14,57,99,35,101,27,5-9-1784
210b,14,57,16,39,99,25,101,17,5-9-1784
214a,13,20,14,19,103,54,105,55,5-14-1784
214b,15,26,15,33,103,54,105,55,5-14-1784
217a,14,22,14,55,65,30,67,24,5-16-1784
217b,14,55,17,19,65,30,67,34,5-16-1784
218a,13,24,16,47,57,22,60,22,5-16-1784
218b,16,47,17,26,57,5,59,43,5-16-1784
219a,13,1,13,47,59,33,62,22,5-17-1784
219b,13,47,15,31,59,42,62,31,5-17-1784
219c,15,42,16,24,59,42,62,31,5-17-1784
219d,16,35,17,3,59,42,62,31,5-17-1784
220a,14,1,14,33,62,46,65,1,5-19-1784
220b,14,33,14,54,62,24,64,39,5-19-1784
220c,14,54,15,3,62,24,64,49,5-19-1784
220d,15,3,15,35,61,55,64,20,5-19-1784
220e,15,35,17,35,62,10,64,35,5-19-1784
222a,13,6,14,16,112,17,114,19,5-21-1784
222b,14,16,17,13,112,24,114,26,5-21-1784
222c,17,17,17,35,112,24,114,26,5-21-1784
223a,13,52,14,36,113,57,116,4,5-22-1784
223b,14,36,16,24,114,15,116,22,5-22-1785
223c,16,24,18,3,114,5,116,12,5-22-1786
224a,14,42,16,22,116,10,118,20,5-24-1784
224b,16,22,17,40,115,59,118,9,5-24-1784
224c,17,40,18,3,115,45,117,55,5-24-1784
225a,15,20,15,34,67,38,69,56,6-11-1784
225b,15,34,15,48,68,2,70,20,6-11-1784
225c,15,48,16,9,67,15,69,33,6-11-1784
225d,16,28,16,51,67,12,69,30,6-11-1784
225e,17,8,18,0,67,12,69,30,6-11-1784
230a,16,14,17,2,107,10,109,19,6-18-1784
230b,17,2,18,58,107,10,109,19,6-18-1784
230c,18,58,19,14,107,10,109,19,6-18-1784
233a,19,55,20,40,120,29,122,54,6-28-1784
233b,20,40,20,51,120,29,122,54,6-28-1784
235,18,37,19,34,69,9,71,10,7-11-1784
236a,19,54,20,53,114,15,116,30,7-12-1784
236b,21,8,21,27,114,15,116,30,7-12-1784
236c,21,27,21,31,113,31,115,46,7-12-1784
236d,17,31,17,38,114,42,116,57,7-12-1784
236e,17,38,18,9,112,27,114,45,7-12-1784
236f,18,9,19,31,114,15,115,30,7-12-1784
236g,19,35,19,54,114,15,115,30,7-12-1784
237a,17,23,17,49,120,26,122,51,7-13-1784
237b,17,49,17,59,121,24,123,49,7-13-1784
237c,17,59,20,48,120,34,122,59,7-13-1784
238a,17,57,21,20,101,57,104,8,7-15-1784
238b,21,20,21,25,101,57,104,8,7-15-1784
240a,20,23,21,14,67,0,69,0,7-18-1784
240b,21,14,21,19,67,0,69,0,7-18-1784
242a,17,49,18,25,91,23,93,41,7-21-1784
242b,18,25,18,51,91,23,93,41,7-21-1784
242c,18,51,21,38,91,23,93,28,7-21-1784
242d,21,38,21,45,91,23,93,28,7-21-1784
243a,18,10,18,57,89,24,91,46,7-22-1784
243b,19,0,19,5,89,24,91,46,7-22-1784
243c,19,22,19,27,89,24,91,46,7-22-1784
243d,19,27,19,33,89,24,91,46,7-22-1784
244a,20,24,22,11,95,41,97,46,7-27-1784
244b,22,11,22,34,95,41,97,46,7-27-1784
245a,18,13,18,28,112,25,114,58,8-7-1784
245b,18,34,18,51,112,25,114,58,8-7-1784
245c,18,51,18,56,112,25,114,58,8-7-1784
245d,18,59,19,53,112,25,114,58,8-7-1784
245e,19,53,20,5,112,25,114,58,8-7-1784
246a,19,29,20,22,110,22,112,43,8-8-1784
246b,20,40,21,1,110,22,112,43,8-8-1784
247a,20,31,20,36,108,3,110,27,8-10-1784
247b,21,1,21,5,108,3,110,27,8-10-1784
248a,18,33,19,3,108,15,110,36,8-11-1784
248b,19,3,22,53,108,15,110,36,8-11-1784
248c,22,57,23,7,108,15,110,36,8-11-1784
248d,23,7,23,29,108,15,110,36,8-11-1784
249a,19,10,20,36,106,5,108,26,8-14-1784
249b,20,36,22,5,106,5,108,37,8-14-1784
249c,22,17,23,9,106,5,108,37,8-14-1784
250,18,20,18,57,70,46,72,54,8-15-1784
251a,19,1,19,35,70,55,73,3,8-16-1784
251b,20,24,20,37,70,55,73,3,8-16-1784
252a,18,49,19,10,70,50,73,36,8-18-1784
252b,19,43,19,50,70,50,73,36,8-18-1784
252c,20,2,20,14,70,50,73,36,8-18-1784
253,20,37,21,8,72,41,75,7,8-21-1784
254a,18,59,19,54,72,44,75,13,8-23-1784
255,18,49,20,31,74,52,77,35,9-3-1784
256a,18,58,20,5,77,0,79,31,9-6-1784
256b,20,5,20,50,77,0,79,31,9-6-1784
257a,22,8,22,46,77,1,79,32,9-5-1784
257b,22,46,23,12,76,50,79,21,9-5-1784
258a,19,4,21,24,56,42,59,24,9-6-1784
258b,21,54,22,29,56,42,59,24,9-6-1784
258c,22,45,23,20,56,42,59,24,9-6-1784
260a,19,16,19,37,62,11,64,40,9-8-1784
260b,20,20,20,28,62,11,64,40,9-8-1784
260c,21,24,23,40,62,11,64,40,9-8-1784
260d,23,40,0,7,62,11,64,40,9-8-1784
261,19,11,20,9,61,42,64,31,9-9-1784
262,21,36,21,48,60,6,62,27,9-9-1784
263a,19,17,20,16,63,18,65,39,9-10-1784
263b,20,16,21,44,63,59,66,15,9-10-1784
264,22,6,2,20,63,58,66,3,9-10-1784
265a,20,38,21,9,60,4,62,22,9-11-1784
265b,21,9,21,35,60,19,62,37,9-11-1784
265c,21,36,21,56,60,26,62,44,9-11-1784
265d,21,56,22,45,60,11,62,29,9-11-1784
266,23,56,3,6,60,14,62,32,9-11-1784
267,22,40,23,58,60,3,62,29,9-12-1784
268a,0,1,0,32,57,54,60,45,9-12-1784
268b,0,32,3,23,57,35,60,26,9-12-1784
269a,19,20,19,57,54,14,57,5,9-13-1784
269b,19,57,20,18,53,53,56,44,9-13-1784
269c,20,18,22,36,54,13,56,53,9-13-1784
270,23,24,0,4,53,13,55,53,9-13-1784
271,0,13,3,16,54,49,57,40,9-13-1784
272,20,15,20,37,58,7,60,52,9-15-1784
273,21,18,22,4,56,40,58,59,9-15-1784
274a,22,56,1,8,68,4,70,23,9-15-1784
274b,1,28,2,40,68,4,70,23,9-15-1784
276a,19,25,19,37,70,4,72,41,9-18-1784
276b,19,37,21,11,70,4,72,41,9-18-1784
277a,21,39,0,7,70,4,72,41,9-18-1784
277b,0,34,1,1,70,4,72,41,9-18-1784
277c,1,1,1,26,70,4,72,41,9-18-1784
278,22,22,23,16,65,58,68,42,9-19-1784
279,22,2,0,6,93,7,95,49,9-20-1784
280,0,35,3,31,93,11,95,34,9-20-1784
288a,23,17,23,24,72,22,74,47,10-11-1784
288b,23,32,0,14,72,22,74,47,10-11-1784
288c,0,48,1,36,72,22,74,47,10-11-1784
289a,20,8,20,25,74,17,76,49,10-14-1784
289b,20,25,20,40,74,35,77,7,10-14-1784
289c,23,25,23,34,74,35,77,7,10-14-1784
289d,0,15,0,20,74,35,77,7,10-14-1784
290a,20,21,20,38,72,5,74,42,10-15-1784
290b,20,38,21,36,72,18,74,55,10-15-1784
290c,21,36,21,44,72,29,75,6,10-15-1784
290d,21,44,23,12,72,14,74,51,10-15-1784
291,0,4,3,6,72,21,74,58,10-15-1784
292a,3,44,4,42,72,19,74,57,10-15-1784
292b,4,53,5,13,72,5,74,43,10-15-1784
293a,5,22,6,15,73,45,76,3,10-15-1784
293b,6,18,6,33,74,54,77,5,10-15-1784
293c,6,33,6,50,74,54,77,5,10-15-1784
294a,20,25,20,42,74,54,77,10,10-16-1784
294b,20,42,22,1,74,47,77,3,10-16-1784
294c,22,1,23,8,74,49,77,30,10-16-1784
294d,23,8,23,24,74,32,77,13,10-16-1784
295a,0,29,0,40,76,41,79,9,10-16-1784
295b,0,40,1,42,76,30,78,58,10-16-1784
295c,1,42,3,57,76,45,79,13,10-16-1784
296a,5,3,5,23,93,51,96,36,10-16-1784
296b,5,37,6,52,93,51,96,36,10-16-1784
297,21,41,23,39,79,8,81,40,10-18-1784
298,0,5,0,22,79,8,81,40,10-18-1784
299a,20,19,20,29,76,59,79,43,10-19-1784
299b,20,29,23,12,76,59,79,43,10-19-1784
299c,23,12,23,30,76,41,79,25,10-19-1784
300a,1,10,1,29,78,23,80,53,10-19-1784
300b,1,29,1,37,77,51,80,21,10-19-1784
300c,1,39,1,50,78,51,81,21,10-19-1784
301a,20,48,21,31,66,16,68,50,10-20-1784
301b,21,31,21,48,66,2,68,36,10-20-1784
301c,21,48,22,23,66,2,68,36,10-20-1784
302,22,23,22,58,67,58,70,15,10-20-1784
303a,0,3,0,44,109,19,112,26,10-20-1784
303b,0,44,3,6,109,10,111,43,10-20-1784
304,3,43,6,45,109,14,111,47,10-20-1784
305a,22,46,23,31,76,53,79,35,10-21-1784
305b,23,31,23,45,76,53,79,35,10-21-1784
305c,23,52,23,58,76,53,79,35,10-21-1784
305d,23,58,0,26,76,53,79,21,10-21-1784
308a,1,33,1,49,81,22,83,42,11-7-1784
308b,1,54,4,18,81,22,83,42,11-7-1784
309,4,55,5,42,82,12,84,32,11-7-1784
310,21,11,22,24,81,41,84,1,11-8-1784
311,21,30,22,5,81,35,83,46,11-9-1784
312a,0,31,0,41,81,35,83,46,11-9-1784
312b,0,48,1,12,81,35,83,46,11-9-1784
313a,22,44,23,1,81,38,83,49,11-12-1784
313b,23,16,23,22,81,38,83,49,11-12-1784
313c,23,42,0,11,81,38,83,49,11-12-1784
313d,0,45,1,10,81,38,83,49,11-12-1784
313e,1,34,1,55,81,29,83,40,11-12-1784
314a,2,50,3,36,79,33,81,59,11-12-1784
314b,3,57,4,7,79,33,81,59,11-12-1784
315,2,21,2,50,79,42,82,13,11-16-1784
316,3,17,4,36,65,58,68,34,11-16-1784
317a,5,21,5,43,66,1,68,7,11-16-1784
317b,5,43,6,19,66,1,68,35,11-16-1784
317c,6,19,6,30,65,42,68,16,11-16-1784
317d,6,30,7,11,66,1,68,35,11-16-1784
318a,8,11,8,38,65,37,68,16,11-16-1784
318b,8,38,9,39,65,37,67,51,11-16-1784
319,21,30,22,29,67,47,70,5,11-17-1784
320a,22,54,23,18,77,17,79,30,11-17-1784
320b,23,18,23,27,76,54,79,7,11-17-1784
320c,23,27,23,44,77,2,79,15,11-17-1784
320d,23,44,0,37,77,2,79,15,11-17-1784
321,1,58,4,0,113,37,116,9,11-17-1784
322,4,40,6,39,113,50,116,26,11-17-1784
323,7,55,8,32,63,58,66,17,11-17-1784
325a,3,56,4,57,111,22,113,45,11-20-1784
325b,4,57,5,17,111,36,113,59,11-20-1784
325c,5,17,6,27,111,23,113,46,11-20-1784
326,6,59,9,51,111,27,113,50,11-20-1784
327,22,47,23,1,63,31,66,3,12-2-1784
328a,0,2,0,27,65,55,68,16,12-4-1784
328b,0,27,0,54,65,55,68,16,12-4-1784
328c,0,59,1,21,65,55,68,16,12-4-1784
329a,4,14,5,30,68,12,70,33,12-5-1784
329b,5,30,5,57,68,17,70,38,12-5-1784
329c,5,57,6,14,68,22,70,43,12-5-1784
330,23,1,1,31,111,21,113,50,12-9-1784
331,2,15,3,59,111,29,113,58,12-9-1784
332,3,59,4,44,113,21,115,50,12-9-1784
333,5,29,8,0,115,37,118,1,12-9-1784
334,8,57,11,27,114,44,117,14,12-9-1784
336a,1,31,1,44,106,41,108,54,12-10-1784
336b,1,44,2,11,106,41,109,6,12-10-1784
337,5,45,6,4,84,58,87,19,12-12-1784
338,23,59,2,55,85,26,87,45,12-13-1784
339a,3,35,3,45,85,4,87,23,12-13-1784
339b,3,45,4,6,86,36,88,55,12-13-1784
340a,4,6,4,20,85,19,87,38,12-13-1784
340b,4,20,5,10,85,10,87,29,12-13-1784
340c,5,10,6,10,85,22,87,41,12-13-1784
341a,6,44,6,58,85,32,87,51,12-13-1784
341b,7,7,7,40,85,32,87,51,12-13-1784
341c,7,40,8,18,85,44,88,3,12-13-1784
342a,9,9,9,22,85,30,87,49,12-13-1784
342b,9,35,10,8,85,30,87,49,12-13-1784
343a,10,37,10,59,86,14,88,33,12-13-1784
343b,10,59,11,9,86,29,88,48,12-13-1784
343c,11,23,11,40,86,29,88,48,12-13-1784
345,7,21,7,41,87,68,89,53,12-20-1784
346a,7,43,8,3,88,3,90,18,12-20-1784
346b,8,3,8,34,88,3,90,18,12-20-1784
347,8,34,9,12,87,13,89,28,12-20-1784
348a,9,19,10,3,87,32,89,47,12-20-1784
348b,10,3,10,39,87,32,89,57,12-20-1784
349a,11,7,12,8,86,20,88,34,12-20-1784
349b,12,8,12,21,86,20,88,34,12-20-1784
350,9,9,9,41,89,42,92,2,12-21-1784
351a,1,33,2,22,91,2,93,25,1-6-1785
351b,2,22,4,9,91,14,93,37,1-6-1785
352a,5,3,5,21,91,22,93,43,1-6-1785
352b,5,21,6,58,91,37,93,58,1-6-1785
352c,6,58,7,27,91,50,94,11,1-6-1785
353,8,14,12,19,90,39,93,0,1-6-1785
354a,6,7,6,58,69,53,72,5,1-6-1785
354b,6,58,7,3,69,53,72,5,1-6-1785
355,1,14,4,38,98,29,100,45,1-10-1785
356a,5,23,5,47,98,31,100,47,1-10-1785
356b,5,52,6,2,98,31,100,47,1-10-1785
356c,6,1,7,42,98,31,100,47,1-10-1785
356d,7,42,7,48,98,31,100,47,1-10-1785
357,9,23,9,43,98,31,100,47,1-10-1785
358,2,39,3,15,94,54,97,4,1-27-1785
359a,2,56,3,25,94,58,97,19,1-28-1785
359b,3,25,3,38,95,27,97,48,1-28-1785
359c,3,38,4,0,95,27,97,48,1-28-1785
360a,2,47,3,13,60,19,62,38,1-29-1785
360b,3,13,4,47,60,19,62,38,1-29-1785
360c,5,11,5,25,60,19,62,38,1-29-1785
360d,5,42,6,5,60,19,62,38,1-29-1785
361,6,48,7,0,61,17,63,31,1-30-1785
362,3,11,6,24,100,28,102,44,1-31-1785
363,6,49,8,22,100,36,102,52,1-31-1785
364a,3,16,3,36,101,33,103,48,2-1-1785
364b,3,36,4,13,101,28,103,43,2-1-1785
364c,4,47,5,17,101,28,103,43,2-1-1785
365a,3,21,3,56,104,47,106,58,2-4-1785
365b,3,56,6,36,104,41,106,52,2-4-1785
366a,7,5,7,37,104,41,106,52,2-4-1785
366b,7,48,7,58,104,41,106,52,2-4-1785
366c,8,37,8,56,104,41,106,52,2-4-1785
366d,9,33,9,51,104,41,106,52,2-4-1785
367a,4,17,4,39,106,56,109,34,2-6-1785
367b,4,39,7,6,106,50,109,28,2-6-1785
368a,9,2,9,16,106,56,109,32,2-7-1785
368b,9,16,10,46,106,56,109,11,2-7-1785
368c,11,11,12,39,106,56,109,11,2-7-1785
369,13,6,13,43,106,56,109,11,2-7-1785
370a,6,27,7,9,102,36,104,54,2-8-1785
370b,7,14,7,18,102,36,104,54,2-8-1785
371,8,26,11,9,102,50,105,8,2-8-1785
372a,11,44,13,35,102,50,105,8,2-8-1785
372b,13,40,15,1,102,50,105,8,2-8-1785
373,14,34,15,27,63,39,66,12,2-17-1785
374a,5,33,5,45,64,11,66,40,2-28-1785
374b,5,45,6,21,64,5,66,34,2-28-1785
374c,6,21,8,15,64,5,66,14,2-28-1785
375a,8,46,9,34,64,5,66,14,2-28-1785
375b,9,34,9,44,64,5,66,14,2-28-1785
376a,5,55,6,12,62,4,64,25,3-1-1785
376b,6,12,6,17,62,4,64,25,3-1-1785
377,6,21,7,26,96,28,98,37,3-4-1785
378,6,26,6,45,93,56,96,19,3-5-1785
379,8,39,12,27,94,0,96,23,3-5-1785
380,13,11,15,47,94,28,96,51,3-5-1785
381,6,19,8,23,113,40,115,53,3-6-1785
382a,9,34,9,55,108,35,110,57,3-10-1785
382b,10,39,10,44,108,35,110,57,3-10-1785
382c,10,44,14,10,109,16,111,38,3-10-1785
383a,14,46,16,1,109,13,111,35,3-10-1785
383b,16,1,16,15,109,13,111,35,3-10-1785
384a,6,48,6,58,62,28,64,56,3-11-1785
384b,6,58,7,10,62,4,64,37,3-11-1785
384c,7,10,9,7,61,50,64,29,3-11-1785
385,6,54,10,6,59,40,61,59,3-12-1785
386a,7,36,7,48,57,31,59,50,3-13-1785
386b,7,48,10,37,57,31,59,50,3-13-1785
387a,11,18,11,40,57,34,59,53,3-13-1785
387b,11,57,13,54,57,34,59,53,3-13-1785
388,14,7,16,7,55,35,57,53,3-13-1785
389a,13,56,14,6,15,8,17,36,3-16-1785
389b,14,6,14,27,15,8,17,36,3-16-1785
389c,14,32,14,51,15,8,17,36,3-16-1785
389d,14,51,16,25,15,8,17,36,3-16-1785
390a,9,8,9,20,14,54,17,25,4-3-1785
390b,9,20,12,19,14,54,17,25,4-3-1785
391,13,14,14,57,14,55,17,26,4-3-1785
392,15,14,16,47,13,12,15,19,4-3-1785
393,9,21,14,7,61,50,64,18,4-6-1785
394a,9,33,9,45,64,1,66,29,4-10-1784
394b,9,45,14,38,64,1,66,29,4-10-1784
395a,15,24,16,48,64,1,66,29,4-10-1784
395b,16,48,16,54,64,1,66,29,4-10-1784
396a,9,56,10,14,59,32,61,50,4-11-1784
396b,10,14,10,21,59,40,61,58,4-11-1784
396c,10,21,13,33,59,40,61,58,4-11-1784
397a,14,27,16,22,59,40,61,58,4-11-1784
397b,16,22,16,35,59,40,62,14,4-11-1784
397c,16,35,16,47,59,40,61,58,4-11-1784
398,11,32,13,0,66,18,68,34,4-13-1785
399a,13,22,14,35,66,18,68,34,4-13-1785
399b,14,35,15,19,66,0,68,34,4-13-1785
400a,14,24,15,3,90,30,92,38,4-14-1785
400b,15,3,16,45,90,30,92,38,4-14-1785
400c,16,45,16,54,90,30,92,38,4-14-1785
401,10,57,11,57,66,16,68,28,4-25-1785
402a,11,22,11,47,66,16,68,28,4-25-1785
402b,11,47,12,35,66,16,68,28,4-25-1785
402c,12,38,12,52,66,16,68,28,4-25-1785
403a,11,25,13,47,68,1,70,10,4-27-1785
403b,13,47,13,53,68,1,70,10,4-27-1785
404a,11,22,11,53,52,9,54,37,4-28-1785
404b,11,53,12,10,52,9,54,37,4-28-1785
405a,11,49,11,59,51,59,54,30,5-1-1785
405b,11,59,16,6,51,59,54,30,5-1-1785
405c,16,18,16,26,51,59,54,30,5-1-1785
406,13,33,14,40,54,19,56,21,5-2-1785
407,12,37,13,42,54,17,56,19,5-3-1785
408,14,34,15,50,54,17,56,19,5-3-1785
409a,14,10,15,5,86,15,88,27,5-5-1785
409b,15,5,15,18,86,15,88,27,5-5-1785
409c,15,18,15,24,86,15,88,27,5-5-1785
409d,15,24,16,25,86,15,88,27,5-5-1785
410,15,16,16,49,117,51,119,47,5-11-1785
411a,14,51,15,9,96,35,98,36,5-25-1785
411b,15,9,16,9,96,35,98,36,5-25-1785
412,16,4,16,19,96,31,98,32,5-30-1785
415a,18,42,19,31,65,9,68,11,7-17-1785
415b,19,31,21,5,65,49,68,11,7-17-1785
415c,21,5,21,15,65,49,68,11,7-17-1785
416,18,41,20,21,86,3,88,9,7-30-1785
417,20,6,21,8,85,54,88,0,7-31-1785
418a,18,26,18,59,117,16,119,21,8-1-1785
418b,18,59,22,37,117,16,119,21,8-1-1785
419,18,50,21,43,79,14,81,14,8-6-1785
420,22,2,22,22,83,27,85,22,8-6-1785
421,19,59,20,43,83,36,85,43,8-7-1785
422a,18,46,19,8,111,44,113,51,8-9-1785
422b,19,8,20,8,111,44,113,51,8-9-1785
422c,20,20,21,19,111,47,113,54,8-9-1785
423,18,47,19,8,109,29,112,0,8-11-1785
424,19,36,19,47,100,6,102,18,8-11-1785
425a,19,8,19,22,89,26,91,31,8-12-1785
425b,19,31,19,41,89,33,91,38,8-12-1785
425c,19,41,19,58,89,38,91,43,8-12-1785
425d,20,10,20,48,89,38,91,43,8-12-1785
425e,21,8,22,33,89,38,91,43,8-12-1785
426,19,14,20,58,87,36,89,38,8-27-1785
427a,19,11,20,6,85,32,87,44,8-30-1785
427b,20,8,20,17,85,32,87,44,8-30-1785
427c,20,23,23,48,85,32,87,44,8-30-1785
428,19,7,19,27,119,8,121,22,8-31-1785
430a,19,23,20,12,118,58,121,12,9-1-1785
430b,20,12,0,50,119,18,121,32,9-1-1785
431a,19,20,19,44,93,14,95,29,9-3-1785
431b,19,52,21,54,93,14,95,29,9-3-1785
432a,19,26,20,8,91,17,93,32,9-6-1785
432b,20,11,20,34,91,17,93,32,9-6-1785
432c,20,55,21,13,91,17,93,32,9-6-1785
433a,20,53,21,0,91,14,93,29,9-7-1785
433b,21,20,21,29,91,14,93,29,9-7-1785
434,20,7,20,25,97,11,99,21,9-9-1785
435a,22,53,23,10,97,11,99,21,9-10-1785
435b,23,23,1,34,97,11,99,21,9-10-1785
436a,1,34,2,17,96,18,98,28,9-10-1785
436b,2,17,3,5,96,18,98,40,9-10-1785
437,20,31,20,42,95,16,97,26,9-11-1785
438a,21,1,21,24,95,11,97,21,9-12-1785
438b,21,24,23,7,95,11,97,21,9-12-1785
438c,23,7,23,53,95,11,97,21,9-12-1785
440a,19,41,19,52,81,42,84,2,9-24-1785
440b,19,52,20,11,81,33,83,53,9-24-1785
440c,20,11,21,2,81,33,83,53,9-24-1785
440d,21,2,21,11,81,33,83,53,9-24-1785
441a,20,20,20,27,79,36,81,56,9-26-1785
441b,20,27,21,5,79,29,81,49,9-26-1785
442a,21,26,21,31,81,56,84,10,9-26-1785
442b,21,31,0,19,81,44,83,58,9-26-1785
443,23,20,23,46,83,33,85,47,9-27-1785
444a,21,6,21,18,99,41,101,35,9-28-1785
444b,21,18,21,54,99,49,101,48,9-28-1785
444c,22,1,22,50,99,48,101,57,9-28-1785
445,22,51,0,10,99,7,101,16,9-28-1785
447,21,59,22,52,91,6,93,25,10-1-1785
448,0,7,1,37,91,6,93,25,10-3-1785
449,3,17,3,49,102,19,104,24,10-3-1785
450a,20,56,21,5,103,46,105,51,10-3-1785
450b,21,8,21,48,103,46,106,7,10-3-1785
450c,21,48,23,13,103,55,106,16,10-3-1785
451,23,50,3,28,103,53,106,13,10-3-1785
452,4,2,5,10,102,16,104,37,10-3-1785
453,22,45,23,30,109,27,111,42,10-4-1785
455a,20,46,21,22,95,18,97,24,10-5-1785
455b,21,28,21,56,95,28,97,34,10-5-1785
455c,21,56,0,22,95,18,97,24,10-5-1785
456,2,1,2,42,95,18,97,24,10-5-1785
457,2,59,3,41,95,17,97,23,10-5-1785
458,3,57,5,47,95,17,97,23,10-5-1785
459a,1,44,3,13,107,9,109,21,10-6-1785
459b,3,13,4,22,106,44,109,5,10-6-1785
460,5,8,5,51,117,52,120,6,10-6-1785
461,21,24,0,17,87,28,89,36,10-8-1785
462a,1,8,3,52,87,38,89,48,10-8-1785
462b,3,52,4,45,87,25,89,48,10-8-1785
462c,4,45,5,48,87,38,89,48,10-8-1785
463,0,49,2,39,89,26,91,31,10-9-1785
464a,21,28,21,51,83,33,85,38,10-25-1785
464b,21,51,2,25,83,43,85,48,10-25-1785
465a,20,33,20,46,113,53,116,1,10-26-1785
465b,20,46,2,3,113,53,116,1,10-26-1785
466a,2,45,3,29,115,59,118,7,10-26-1785
466b,3,29,3,46,115,59,118,7,10-26-1785
467a,20,33,20,46,115,53,118,3,10-27-1785
467b,20,46,1,51,115,53,118,3,10-27-1785
468,5,5,6,54,96,56,99,8,11-1-1785
469a,22,15,22,55,89,24,91,42,11-7-1785
469b,22,55,0,33,89,24,91,42,11-7-1785
469c,0,36,0,44,89,24,91,42,11-7-1785
469d,0,56,1,19,89,24,91,42,11-7-1785
470a,2,17,3,16,89,10,91,18,11-7-1785
470b,3,16,3,34,89,10,91,18,11-7-1785
471,0,13,0,30,70,11,72,24,11-8-1785
472a,1,54,2,24,70,23,72,36,11-9-1785
472b,2,24,2,55,70,23,72,36,11-9-1785
473a,21,42,21,51,91,26,93,23,11-22-1785
473b,21,51,0,12,91,26,93,23,11-22-1785
474a,0,36,0,48,95,10,97,4,11-22-1785
474b,0,48,1,38,95,10,97,16,11-22-1785
474c,1,38,2,17,95,10,97,4,11-22-1785
475,2,44,3,8,100,22,102,12,11-22-1785
476a,21,52,22,25,77,26,79,38,11-23-1785
476b,22,25,23,19,77,18,79,30,11-23-1785
477a,23,31,24,5,79,6,81,13,11-23-1785
477b,0,9,0,27,79,6,81,13,11-23-1785
477c,0,27,1,25,78,52,81,13,11-23-1785
478,22,6,3,21,102,14,104,10,11-27-1785
479a,21,59,22,23,100,10,102,21,11-28-1785
479b,22,23,3,3,100,10,102,21,11-28-1785
479c,3,8,3,16,100,10,102,21,11-28-1785
480,22,27,0,11,72,22,74,39,11-29-1785
481,0,41,2,47,70,18,72,32,11-29-1785
482,3,42,5,4,70,21,72,35,11-29-1785
483a,23,13,23,28,66,4,68,16,12-3-1785
483b,23,32,23,38,66,4,68,16,12-3-1785
484a,23,22,23,45,66,4,68,16,12-5-1785
484b,0,0,0,47,66,4,68,16,12-5-1785
485,3,48,5,37,63,59,66,11,12-7-1785
486,5,52,6,52,61,55,64,16,12-7-1785
487a,8,38,10,11,55,18,57,32,12-7-1785
487b,10,11,11,8,55,26,57,40,12-7-1785
487c,11,8,11,16,55,26,57,40,12-7-1785
489a,1,37,2,0,65,51,68,6,12-21-1785
489b,2,0,2,24,66,5,68,20,12-21-1785
489c,2,35,3,20,66,5,68,20,12-21-1785
490,3,24,3,41,68,19,70,29,12-21-1785
492a,3,23,3,48,68,25,70,35,12-26-1785
492b,3,48,3,52,68,25,70,51,12-26-1785
492c,3,52,4,1,68,12,70,38,12-26-1785
492d,4,1,4,21,68,25,70,35,12-26-1785
493a,4,29,4,46,66,6,68,35,12-26-1785
493b,4,46,5,26,66,1,68,30,12-26-1785
494,5,56,9,7,79,36,81,46,12-26-1785
496a,4,21,4,30,80,14,82,20,12-28-1785
496b,4,50,7,57,80,42,82,48,12-28-1785
497a,8,45,9,36,80,17,82,35,12-28-1785
497b,9,36,10,46,80,32,82,50,12-28-1785
498,11,11,12,50,80,7,82,25,12-28-1785
499a,0,13,0,32,105,36,107,47,12-30-1785
499b,0,32,3,26,105,36,107,47,12-30-1785
500,4,21,5,33,115,40,117,50,12-30-1785
501,5,43,8,5,117,47,119,58,12-30-1785
502,8,54,11,12,116,43,118,54,12-30-1785
503,6,48,13,13,104,47,106,58,12-31-1785
505,2,7,2,43,82,15,84,34,1-1-1786
506a,3,2,6,1,89,29,91,48,1-1-1786
506b,6,41,7,14,89,48,92,7,1-1-1786
507a,8,38,10,41,88,38,91,1,1-1-1786
507b,10,41,11,45,88,49,91,0,1-1-1786
507c,11,45,12,54,88,37,91,0,1-1-1786
507d,12,54,13,1,88,37,91,0,1-1-1786
508a,10,39,10,55,53,25,55,31,1-2-1786
508b,10,55,13,13,53,25,55,31,1-2-1786
509a,5,23,6,31,53,25,55,31,1-3-1786
509b,6,31,6,55,53,25,55,31,1-3-1786
511,2,45,5,1,83,22,85,39,1-27-1786
512a,5,45,7,37,84,6,86,20,1-27-1786
512b,7,45,7,54,84,6,86,20,1-27-1786
512c,7,54,8,3,83,55,86,9,1-27-1786
512d,8,3,8,41,84,6,86,20,1-27-1786
512e,8,41,9,1,84,6,86,20,1-27-1786
513,9,58,10,52,84,22,86,40,1-27-1786
514a,10,52,11,12,82,58,85,15,1-27-1786
514b,11,12,11,23,82,58,85,15,1-27-1786
514c,11,23,11,41,82,58,85,15,1-27-1786
516a,3,51,5,36,98,27,100,39,1-30-1786
516b,5,41,6,22,98,27,100,39,1-30-1786
517a,3,45,3,53,97,27,99,40,1-31-1786
517b,3,53,4,20,97,17,99,30,1-31-1786
518,3,51,5,40,91,25,93,43,2-1-1786
519,8,4,8,45,93,54,96,10,2-1-1786
520,8,46,9,44,92,20,94,38,2-1-1786
521a,9,56,10,42,82,50,85,8,2-2-1786
521b,10,46,11,3,82,50,85,8,2-2-1786
521c,12,13,12,37,82,50,85,8,2-2-1786
521d,12,53,13,58,82,50,85,8,2-2-1786
521e,14,40,14,50,82,50,85,8,2-2-1786
521f,14,50,14,57,82,50,85,8,2-2-1786
522a,13,11,13,39,96,6,98,21,2-4-1786
522b,13,39,14,55,96,28,98,43,2-4-1786
522c,14,55,15,6,96,28,98,43,2-4-1786
525a,4,32,4,41,60,31,62,57,2-16-1786
525b,4,41,5,28,60,31,62,57,2-16-1786
526a,4,52,5,8,87,44,90,6,2-22-1786
526b,5,8,6,2,87,44,90,6,2-22-1786
526c,7,0,7,12,87,44,90,6,2-22-1786
528a,5,7,5,54,95,49,98,4,2-23-1786
528b,5,54,6,47,95,49,98,4,2-23-1786
529,5,15,7,57,95,54,98,10,2-24-1786
530,8,54,9,40,78,11,80,34,2-24-1786
531,10,19,11,33,75,15,77,32,2-24-1786
532a,11,47,12,4,86,28,88,40,2-24-1786
532b,12,4,13,22,86,34,88,46,2-24-1786
532c,14,6,15,21,86,34,88,46,2-24-1786
532d,15,21,15,36,86,34,88,46,2-24-1786
533a,8,34,8,51,96,8,98,20,3-2-1786
533b,9,28,9,37,96,8,98,20,3-2-1786
534,7,43,9,43,78,3,80,20,3-3-1786
535,10,0,10,51,96,11,98,43,3-3-1786
536,11,23,13,20,96,12,98,14,3-3-1786
537,10,0,11,56,98,4,100,6,3-4-1786
538,7,19,9,27,73,0,75,17,3-18-1786
540,7,8,7,43,102,37,104,49,3-19-1786
541a,9,6,9,41,100,33,102,47,3-19-1786
541b,9,41,10,2,100,42,102,56,3-19-1786
541c,10,2,11,48,100,42,102,56,3-19-1786
542a,8,36,8,50,109,7,111,20,3-20-1786
542b,8,55,9,13,108,52,111,5,3-20-1786
542c,9,27,10,47,108,52,111,5,3-20-1786
543a,7,54,9,11,81,59,84,17,3-24-1786
543b,9,11,9,32,82,3,84,21,3-24-1786
545a,10,11,10,39,99,53,101,56,3-25-1786
545b,10,39,11,7,99,48,101,51,3-25-1786
545c,11,10,11,16,99,48,101,51,3-25-1786
546a,11,55,13,35,97,58,100,12,3-25-1786
546b,13,35,15,29,98,27,100,41,3-25-1786
547,9,4,10,7,97,5,99,9,3-27-1786
548,10,30,13,18,101,6,103,10,3-27-1786
549,8,34,10,38,53,12,55,26,3-28-1786
550,11,54,13,40,115,39,117,52,3-28-1786
553a,10,14,10,45,82,50,85,6,4-17-1786
553b,10,45,10,51,82,50,85,6,4-17-1786
553c,10,51,11,5,82,50,85,6,4-17-1786
553d,11,5,11,12,82,50,85,6,4-17-1786
553e,11,12,11,32,82,50,85,6,4-17-1786
553f,11,32,13,5,82,50,85,6,4-17-1786
554a,13,10,13,22,84,48,87,2,4-17-1786
554b,13,22,13,28,84,58,87,12,4-17-1786
554c,13,28,13,45,84,58,87,22,4-17-1786
555a,10,38,11,3,111,25,113,46,4-18-1786
555b,11,3,14,14,111,20,113,51,4-18-1786
556a,11,59,12,10,82,42,84,59,4-23-1786
556b,12,33,12,44,82,42,84,59,4-23-1786
557a,13,6,14,21,82,45,85,1,4-29-1786
557b,14,21,15,14,83,3,85,19,4-29-1786
558,11,44,14,42,84,50,87,4,4-30-1786
559,15,37,17,33,117,57,120,22,4-30-1786
560a,12,23,13,23,80,17,82,38,5-1-1786
560b,13,23,13,33,79,52,82,13,5-1-1786
560c,13,33,14,49,80,2,82,33,5-1-1786
561a,15,7,17,20,82,53,85,9,5-1-1786
561b,17,20,17,26,82,53,85,9,5-1-1786
562a,14,51,15,2,88,21,90,34,5-3-1786
562b,15,5,15,9,88,31,90,44,5-3-1786
562c,15,17,17,3,88,31,90,44,5-3-1786
564b,13,38,13,49,111,30,113,41,5-17-1786
564c,13,49,15,4,111,17,113,28,5-17-1786
566b,15,17,18,6,111,8,113,21,5-26-1786
567a,14,37,17,44,84,29,86,35,5-27-1786
568b,15,18,15,49,88,29,90,43,5-28-1786
569a,16,19,17,50,109,3,111,16,5-28-1786
570b,15,23,17,54,105,21,107,35,5-29-1786
571a,15,17,15,42,73,15,75,33,5-30-1786
571b,15,42,17,35,73,24,75,42,5-30-1786
572a,16,51,17,31,86,42,88,44,6-3-1786
574,17,33,18,49,69,28,71,37,6-22-1786
576,17,44,19,21,105,17,107,25,6-27-1786
581,0,16,1,32,81,1,83,19,9-4-1786
582,1,34,2,26,79,1,81,26,9-4-1786
583,2,29,2,50,83,29,85,46,9-4-1786
584,19,46,20,24,79,21,81,32,9-14-1786
585a,20,36,20,42,83,27,85,32,9-15-1786
585b,20,42,21,37,83,27,85,43,9-15-1786
586,21,13,21,34,97,27,99,36,9-15-1786
587a,21,15,21,43,99,21,101,27,9-17-1786
587b,21,46,22,4,99,21,101,27,9-17-1786
587c,22,7,22,23,99,21,101,27,9-17-1786
589,21,55,23,6,89,19,91,21,9-18-1786
590a,23,32,0,6,75,12,77,27,9-18-1786
590b,0,6,0,13,74,59,77,27,9-18-1786
590c,0,13,0,16,74,49,77,4,9-18-1786
590d,0,16,0,42,74,42,76,57,9-18-1786
591,1,5,2,93,79,3,81,21,9-18-1786
593,22,32,3,42,117,45,119,51,9-19-1786
594,20,5,21,0,51,58,54,42,9-20-1786
595a,22,3,22,11,105,57,108,11,9-20-1786
595b,22,32,24,40,105,57,108,11,9-20-1786
596,1,25,2,23,111,42,114,5,9-20-1786
597,21,0,23,29,51,56,54,41,9-21-1786
598,2,46,4,20,108,54,111,27,9-21-1786
599a,0,16,2,22,52,20,55,3,9-21-1786
599b,2,31,3,18,52,20,55,3,9-21-1786
599c,3,44,4,11,52,20,55,3,9-21-1786
600,20,29,22,42,49,20,52,10,9-22-1786
601a,21,48,22,37,108,31,110,45,9-29-1786
601b,22,47,22,57,108,31,110,45,9-29-1786
605a,22,21,22,32,97,14,99,30,9-30-1786
605b,22,53,23,55,97,14,99,30,9-30-1786
606,0,15,0,53,95,12,97,30,9-30-1786
607a,1,29,1,55,83,28,85,35,9-30-1786
607b,2,21,2,51,83,28,85,35,9-30-1786
608,3,12,4,12,93,23,95,31,9-30-1786
609,20,4,23,8,111,49,114,3,10-13-1786
610,20,8,21,36,62,7,64,30,10-14-1786
611a,22,29,23,20,50,7,52,45,10-14-1786
611b,23,20,0,31,50,7,52,45,10-14-1786
612,20,4,21,58,48,5,50,51,10-17-1786
613,22,22,1,2,48,1,50,47,10-17-1786
614,2,3,4,53,48,0,50,46,10-17-1786
615,20,13,20,47,60,27,62,45,10-18-1786
616,21,26,22,13,64,19,66,35,10-18-1786
617,22,34,23,31,54,22,56,59,10-18-1786
618,0,15,3,6,49,58,52,32,10-18-1786
619,4,0,5,51,50,19,52,45,10-18-1786
620,20,39,22,30,45,32,48,35,10-24-1786
621a,23,22,0,30,45,30,48,33,10-24-1786
621b,0,30,3,21,45,20,48,23,10-24-1786
622,4,21,7,7,45,20,48,23,10-24-1786
623a,2,28,3,5,72,28,74,43,10-25-1786
623b,3,25,3,52,72,28,74,43,10-25-1786
626a,0,25,0,59,62,20,64,36,10-26-1786
626b,0,59,3,6,62,13,64,29,10-26-1786
627,3,55,5,57,62,14,64,30,10-26-1786
628,6,29,7,40,55,52,58,42,10-26-1786
629,22,51,23,28,97,10,99,25,10-28-1786
630,21,16,23,28,97,11,99,29,11-11-1786
631,22,12,22,55,98,52,101,8,11-12-1786
632,23,5,23,56,103,54,106,8,11-12-1786
633,0,50,1,38,107,27,109,41,11-12-1786
634a,21,36,21,44,109,21,111,35,11-13-1786
634b,21,44,21,49,109,21,111,47,11-13-1786
634c,21,49,21,53,109,21,111,35,11-13-1786
635a,23,38,23,45,69,56,72,9,11-13-1786
635b,23,45,0,30,70,15,72,28,11-13-1786
635c,0,30,0,49,70,18,72,31,11-13-1786
636,1,3,1,45,68,8,70,28,11-13-1786
637,2,13,3,54,64,5,66,18,11-13-1786
638,3,36,4,25,93,26,95,44,11-26-1786
639,6,47,7,0,93,29,95,47,11-26-1786
640,4,6,5,28,93,28,95,48,11-28-1786
641,6,74,8,9,93,56,96,6,11-28-1786
642,22,43,23,0,110,9,112,11,11-9-1786
643,23,3,0,18,108,2,110,4,11-9-1786
644a,23,22,23,39,42,56,45,15,12-11-1786
644b,0,0,1,17,43,23,45,42,12-11-1786
645,2,21,5,13,43,30,45,49,12-11-1786
646,0,32,0,49,93,5,95,23,12-13-1786
647,5,6,6,34,102,32,104,45,12-14-1786
648,23,55,0,15,109,46,112,0,12-15-1786
649a,0,17,1,0,107,23,109,37,12-15-1786
649b,1,33,1,49,107,23,109,37,12-15-1786
650a,2,49,3,8,98,0,100,18,12-15-1786
650b,3,8,3,25,96,59,99,17,12-15-1786
655,0,29,1,33,89,14,91,31,12-20-1786
656a,3,19,3,53,97,8,99,17,12-20-1786
656b,5,2,5,20,97,8,99,17,12-20-1786
657,0,29,0,50,87,21,89,40,12-21-1786
658,2,45,3,51,70,11,72,17,12-21-1786
660a,9,11,9,41,109,19,111,22,12-21-1786
660b,9,41,10,17,110,19,112,22,12-21-1786
660c,10,17,12,22,110,55,112,58,12-21-1786
662,3,9,6,28,75,42,77,58,12-24-1786
663,8,9,9,28,108,7,112,2,12-24-1786
664,9,40,12,26,112,43,115,8,12-24-1786
665,4,7,4,30,58,36,61,19,12-25-1786
666,4,47,5,51,80,0,82,15,12-26-1786
667,6,5,7,40,86,2,88,11,12-26-1786
668,5,57,8,8,87,37,89,55,12-27-1786
669,8,14,8,50,86,8,88,29,12-27-1786
670,8,57,9,49,85,26,87,48,12-27-1786
671,10,55,12,20,66,23,68,40,12-27-1786
672,9,16,9,49,82,22,84,23,12-29-1786
673,10,4,11,22,82,24,84,14,12-29-1786
674,11,46,12,45,91,30,93,42,12-29-1786
675a,10,29,10,58,82,29,84,42,12-30-1786
675b,10,58,11,49,82,29,84,42,12-30-1786
676,0,56,1,45,66,2,68,17,1-7-1787
677,2,3,2,37,66,5,68,19,1-7-1787
678,2,38,3,26,68,21,70,19,1-7-1787
680,1,20,2,28,59,29,61,54,1-11-1787
681,2,46,4,22,74,8,76,23,1-11-1787
682,5,23,6,37,78,5,80,10,1-11-1787
683b,8,2,8,28,65,51,68,1,1-11-1787
684a,8,46,9,11,95,57,97,42,1-11-1787
684b,9,11,9,38,95,57,97,22,1-11-1787
686,1,45,3,5,116,2,118,14,1-12-1787
687,3,26,4,46,80,1,82,14,1-12-1787
688,6,46,7,43,67,52,70,13,1-14-1787
689,8,50,9,17,61,55,64,25,1-14-1787
690,9,42,10,21,71,47,73,55,1-14-1787
691,10,35,13,7,73,16,75,28,1-14-1787
692,1,55,2,40,52,16,54,44,1-17-1787
693,4,25,6,5,52,23,54,47,1-17-1787
694,7,8,7,41,67,5,69,10,1-17-1787
695,8,54,10,7,51,5,53,25,1-17-1787
697,7,24,8,10,65,48,68,8,2-10-1787
698,7,27,8,46,67,58,70,12,2-13-1787
699,11,31,13,32,66,13,68,35,2-13-1787
700,14,1,15,3,118,5,120,17,2-13-1787
701,11,16,11,54,102,53,105,6,2-19-1787
703,8,12,8,57,63,52,66,2,2-22-1787
704,9,25,10,8,95,56,98,13,2-22-1787
705,10,47,11,33,95,55,98,12,2-22-1787
706,12,2,14,53,92,58,95,8,2-24-1787
707,7,59,9,12,97,25,99,28,3-7-1787
708a,8,27,9,43,113,41,115,54,3-8-1787
708b,9,46,10,25,111,35,113,48,3-8-1787
709,11,30,13,4,91,22,93,38,3-11-1787
710,9,35,11,35,118,30,120,46,3-15-1787
711,12,12,14,5,118,29,120,45,3-15-1787
712,15,20,16,14,120,30,122,43,3-15-1787
713,9,39,10,40,49,36,52,8,3-17-1787
714a,11,38,12,48,49,33,52,5,3-17-1787
714b,12,48,13,40,49,41,52,13,3-17-1787
715,14,31,16,22,49,36,52,8,3-17-1787
716,8,22,10,49,47,22,49,56,3-18-1787
717,11,38,13,38,47,17,49,51,3-18-1787
718,14,25,16,23,47,10,49,44,3-18-1787
719,10,8,11,59,51,25,53,40,3-19-1787
720,12,51,15,54,73,21,75,30,3-19-1787
721,8,2,9,48,49,19,51,54,3-20-1787
722a,11,6,12,46,55,18,57,36,3-20-1787
722b,12,46,14,15,55,39,57,57,3-20-1787
723,15,11,16,8,69,38,71,50,3-20-1787
725,12,24,15,15,44,59,48,8,4-9-1787
726,11,52,13,31,88,39,90,52,4-11-1787
727,14,26,15,24,88,37,90,50,4-11-1787
728,15,36,16,32,94,25,96,42,4-11-1787
729,12,25,13,46,90,10,92,20,4-15-1787
730,13,48,14,53,91,9,93,18,4-15-1787
731,15,57,16,49,85,6,87,23,4-15-1787
732a,13,2,14,25,104,55,107,7,5-7-1787
732b,14,25,15,29,104,49,107,1,5-7-1787
733,13,21,15,28,42,33,45,29,4-11-1787
734,13,9,15,24,40,6,43,15,5-12-1787
735,15,58,17,27,39,57,43,6,5-12-1787
736,13,37,15,22,37,49,40,51,5-15-1787
737,16,10,16,36,37,46,40,48,5-15-1787
738,13,23,14,40,49,45,52,26,5-16-1787
739,15,54,17,37,52,13,54,47,5-16-1787
741a,14,13,15,20,106,52,109,5,5-19-1787
741b,15,20,16,28,107,21,109,34,5-19-1787
742,15,50,16,36,97,48,100,4,5-6-1787
743,15,42,17,0,103,24,105,38,5-7-1787
744,16,8,17,47,75,16,77,31,5-9-1787
745,16,44,18,3,77,18,79,27,5-10-1787
746,16,44,17,25,47,7,49,46,5-11-1787
748,18,15,19,26,99,20,101,27,5-10-1787,40 feet Telescope
749,19,25,20,10,103,49,106,4,8-8-1787
750,21,37,21,57,103,49,106,4,8-12-1787
752,19,56,20,45,68,18,70,26,8-19-1787
754,21,50,23,17,109,53,112,11,9-11-1787
756,0,7,0,42,93,43,95,57,9-11-1787
757,23,30,2,58,9,53,13,57,9-16-1787
758a,23,8,23,36,9,48,13,52,9-17-1787
758b,23,26,0,0,9,48,14,18,9-17-1787
760,21,54,0,12,13,32,18,18,9-19-1787
761,1,0,3,12,13,32,18,18,9-19-1787
762,21,36,23,17,9,42,14,11,10-10-1787
763,2,7,4,10,5,49,10,13,10-10-1787
764,0,37,3,41,18,0,22,28,10-11-1787
765,20,27,23,28,35,14,38,46,10-14-1787
766,0,22,3,23,35,16,38,41,10-14-1787
767,20,39,20,57,31,52,35,30,10-15-1787
768,20,24,22,12,31,50,35,28,10-16-1787
769,23,21,1,9,32,12,36,1,10-18-1787
771a,2,12,2,37,31,53,35,46,10-20-1787
771b,3,31,4,36,31,53,35,46,10-20-1787
773,21,55,23,29,28,19,32,19,11-3-1787
774,0,37,4,50,28,19,32,19,11-3-1787
775,21,40,21,57,24,53,29,7,11-5-1787
776,21,31,23,4,24,55,29,10,11-9-1787
777,0,9,3,14,24,56,29,11,11-9-1787
778,3,40,4,27,116,2,118,26,11-10-1787
780a,23,22,23,40,38,21,41,18,11-12-1787
780b,0,38,3,18,38,21,41,18,11-12-1787
781,4,47,5,59,38,23,41,20,11-12-1787
782,4,10,5,5,96,39,98,39,11-18-1787
783,7,21,8,4,97,50,99,50,11-20-1787
786,0,8,3,33,40,25,43,45,11-30-1787
787,23,4,0,14,40,23,43,41,12-3-1787
788,0,46,1,21,87,21,89,38,12-3-1787
789,2,51,4,3,50,17,52,57,12-3-1787
790,4,8,4,26,52,8,54,38,12-3-1787
791,5,47,6,15,58,31,61,6,12-3-1787
794,23,10,0,13,55,32,57,57,12-13-1787
797,8,34,10,11,45,7,47,37,1-14-1788
798,11,3,12,32,45,10,47,40,1-14-1788
799,13,19,13,54,47,49,50,10,1-14-1788
800a,8,42,9,50,42,54,45,46,1-15-1788
800b,9,57,10,53,42,54,45,46,1-15-1788
801a,3,18,3,59,45,20,48,9,2-3-1788
801b,4,9,4,19,45,20,48,9,2-3-1788
802,4,48,5,55,48,8,50,46,2-3-1788
803,7,42,8,24,51,46,54,22,2-3-1788
804,10,7,11,9,45,3,48,4,2-3-1788
805,11,29,12,51,57,30,60,9,2-3-1788
806a,13,19,14,40,114,13,116,28,2-3-1788
806b,14,40,14,53,113,13,115,28,2-3-1788
807a,6,20,6,29,54,4,56,39,2-5-1788
807b,7,9,8,46,54,4,56,39,2-5-1788
808,9,42,11,47,40,35,43,37,2-5-1788
809,7,41,9,49,40,38,43,48,2-6-1788
810,10,52,12,12,43,11,45,34,2-6-1788
812,10,42,11,45,46,46,49,35,3-3-1788
813a,6,7,6,54,47,7,49,56,3-4-1788
813b,6,54,7,8,47,16,50,5,3-4-1788
815,6,49,9,49,38,18,41,28,3-9-1788
816,10,37,12,53,38,16,41,26,3-9-1788
817,7,10,8,41,43,11,46,10,3-10-1788
818,12,11,13,8,99,39,101,50,3-10-1788
819,12,11,13,18,99,39,101,50,3-11-1788
820,13,29,14,19,106,51,108,59,3-11-1788
821,15,3,16,10,101,21,103,28,3-11-1788
822,10,12,11,7,38,25,41,27,4-1-1788
823,11,44,12,51,41,14,43,44,4-1-1788
824,9,43,10,30,38,17,41,18,4-8-1788
825,11,1,12,16,99,35,101,42,4-8-1788
826,12,32,13,15,106,58,109,25,4-8-1788
827,13,42,15,16,71,32,73,44,4-8-1788
828,13,8,14,36,88,27,90,33,4-9-1788
829,15,41,16,0,42,29,45,23,4-9-1788
830a,11,25,11,31,41,10,44,8,4-10-1788
830b,11,54,12,41,41,5,44,3,4-10-1788
831,14,42,17,3,45,23,47,51,4-12-1788
832,15,20,17,4,38,35,41,38,4-13-1788
833,12,3,13,38,41,59,45,19,4-27-1788
834,12,3,13,38,41,59,45,19,4-27-1788
835,14,40,16,38,68,3,70,9,4-28-1788
836,12,28,13,39,38,36,42,24,4-29-1788
837,13,43,14,34,47,54,50,30,4-29-1788
838,15,52,17,1,42,41,45,47,4-29-1788
839,14,37,15,49,103,28,105,43,4-30-1788
840a,13,29,13,50,35,7,38,53,5-1-1788
840b,13,50,14,3,35,7,38,19,5-1-1788
840c,14,3,16,48,35,12,38,24,5-1-1788
842,14,37,15,49,31,37,35,30,5-5-1788
843,14,54,16,5,28,9,32,11,5-25-1788
844,15,29,17,9,24,32,28,34,6-2-1788
845,15,36,16,52,20,6,24,32,6-3-1788
847,16,1,17,47,15,41,20,14,6-6-1788
848,16,37,17,45,35,19,38,33,6-9-1788
850,18,17,20,7,81,51,84,11,7-30-1788
852a,18,56,19,33,97,23,99,42,8-4-1788
852b,19,33,20,25,97,54,100,13,8-4-1788
852c,20,25,21,16,97,41,100,0,8-4-1788
853,18,44,19,32,103,57,106,12,8-5-1788
855,19,54,20,42,94,48,97,8,9-1-1788
856,20,19,21,56,109,25,111,38,9-3-1788
857,23,15,0,4,109,49,111,54,9-8-1788
858,1,10,2,27,43,16,45,31,9-9-1788
860,20,54,21,34,38,12,41,14,9-21-1788
861,22,11,22,56,38,17,41,17,9-24-1788
862,20,25,21,1,38,25,41,18,9-26-1788
863,21,35,22,17,38,22,41,15,9-26-1788
864,22,54,0,5,43,16,45,42,9-26-1788
865,0,29,1,16,82,45,84,34,9-26-1788
866,19,51,21,47,40,56,43,56,9-27-1788
867,20,22,20,59,43,32,46,15,10-18-1788
868,20,54,22,5,43,32,46,10,10-19-1788
869a,20,38,21,38,101,32,104,1,10-24-1788
869b,21,53,22,6,101,32,104,1,10-24-1788
870,21,32,23,9,40,51,44,1,10-28-1788
871a,23,33,23,40,38,18,41,41,10-28-1788
871b,23,53,0,46,38,18,41,41,10-28-1788
872,21,43,22,54,43,22,45,52,10-30-1788
873a,22,56,23,30,38,21,41,47,10-30-1788
873b,23,36,23,57,38,21,41,47,10-30-1788
874,21,1,21,59,28,55,32,9,10-30-1788
876,22,10,23,26,32,17,35,47,11-1-1788
877,1,0,2,16,32,3,35,33,11-1-1788
878,2,33,4,37,22,21,25,13,11-1-1788
879,5,30,8,12,22,23,25,15,11-1-1788
880,0,8,2,38,22,27,25,17,11-4-1788
881,3,3,4,44,25,1,28,31,11-4-1788
883,22,24,0,12,22,1,26,37,11-23-1788
884a,3,31,3,53,18,25,22,22,11-23-1788
884b,3,56,4,4,18,25,22,22,11-23-1788
885,22,23,23,51,19,25,23,27,11-24-1788
886a,22,1,22,16,18,3,22,32,11-25-1788
886b,22,16,0,39,18,6,23,10,11-25-1788
887a,22,57,23,45,26,22,30,28,11-26-1788
887b,23,50,23,57,26,22,30,28,11-26-1788
887c,0,6,0,42,26,22,30,28,11-26-1788
888,4,46,7,14,18,31,22,29,11-29-1788
889,3,52,4,22,18,14,22,29,12-3-1788
890,8,40,9,26,16,52,21,2,12-3-1788
891,10,4,10,48,17,11,21,2,12-3-1788
892,23,22,0,45,29,54,32,37,12-16-1788
893a,23,25,23,57,35,15,38,35,12-17-1788
893b,0,1,0,26,35,15,38,35,12-17-1788
894,3,10,4,22,35,25,38,45,12-18-1788
895,23,29,0,1,65,47,68,8,12-20-1788
896,0,50,1,20,98,51,100,59,12-20-1788
897,5,5,7,49,41,10,43,51,12-21-1788
899,4,17,4,54,54,21,56,37,12-27-1788
900,5,36,5,44,49,27,52,13,12-29-1788
901,5,40,8,28,49,31,52,17,12-31-1788
902,9,27,10,10,51,0,53,24,12-31-1788
903,10,14,10,45,49,17,52,6,12-31-1788
904,4,9,4,37,56,22,58,39,1-20-1789
905,2,48,4,8,56,11,58,23,1-25-1789
906a,6,41,6,58,69,28,71,43,2-22-1789
906b,7,9,7,16,69,28,71,43,2-22-1789
906c,7,39,7,50,69,28,71,43,2-22-1789
906d,7,54,8,1,69,28,71,43,2-22-1789
907,8,7,8,22,68,46,71,8,2-22-1789
908,9,5,9,35,51,26,54,11,2-22-1789
909a,10,17,10,59,57,26,60,0,2-22-1789
909b,11,4,11,31,57,12,59,46,2-22-1789
911,11,43,12,29,114,7,116,20,2-24-1789
912,9,51,11,22,92,26,94,19,3-20-1789
913a,11,51,12,38,94,42,96,46,3-20-1789
913b,12,47,12,50,94,42,96,46,3-20-1789
913c,12,57,13,22,94,42,96,46,3-20-1789
914,13,34,14,7,89,53,92,1,3-20-1789
915,10,35,11,56,49,9,51,43,3-23-1789
916,12,21,13,0,94,50,96,57,3-23-1789
917,13,58,14,43,90,17,92,30,3-23-1789
918,12,15,13,43,111,14,113,28,3-26-1789
919,9,51,11,30,35,25,38,49,4-12-1789
920,10,47,12,6,32,26,35,59,4-14-1789
921,12,31,14,9,32,26,35,59,4-14-1789
922,10,38,11,1,32,32,36,7,4-17-1789
923,11,51,12,33,28,51,32,36,4-17-1789
924a,13,23,13,35,28,51,32,36,4-17-1789
924b,13,23,13,35,28,51,32,36,4-17-1789
925,10,58,11,2,32,42,36,17,4-24-1789
926a,12,19,12,37,29,9,32,59,4-24-1789
926b,13,9,13,34,28,58,32,48,4-24-1789
926c,13,39,13,52,28,58,32,48,4-24-1789
926d,14,0,14,8,28,58,32,48,4-24-1789
927,14,20,14,54,32,26,36,2,4-24-1789
928,15,48,17,16,31,53,35,23,4-24-1789
929,11,51,13,35,35,42,39,7,4-26-1789
930,14,44,15,45,25,58,28,58,4-26-1789
931,13,52,15,5,22,15,26,10,5-14-1789
932,18,21,19,26,68,4,70,22,7-18-1789
933,9,19,12,0,120,30,122,52,2-17-1790
934,6,46,9,7,106,37,108,39,3-4-1790
935a,6,54,7,54,89,42,91,52,3-5-1790
935b,7,54,8,31,89,42,92,4,3-5-1790
936,10,37,11,19,107,3,109,3,3-8-1790
937,6,50,7,48,51,48,54,24,3-10-1790
938,8,16,9,10,51,45,54,24,3-10-1790
939,11,22,11,59,114,51,117,7,3-10-1790
940,12,22,13,37,113,32,115,55,3-10-1790
941,7,50,9,11,115,33,117,52,3-14-1790
942,7,32,8,44,55,17,57,47,3-16-1790
943,10,50,11,14,57,39,60,13,3-16-1790
944,12,3,12,53,67,45,69,59,3-16-1790
945,7,25,9,57,35,28,38,30,3-17-1790
946,11,24,11,50,35,41,38,42,3-17-1790
949,7,41,9,2,32,14,36,8,3-18-1790
950,10,0,10,47,32,9,36,3,3-18-1790
951,11,8,12,6,28,14,32,42,3-18-1790
952,8,43,9,44,28,43,32,37,3-19-1790
953,11,4,14,49,26,8,29,33,3-19-1790
954,11,10,13,53,22,30,26,15,3-20-1790
955,8,56,10,6,32,21,35,39,4-1-1790
958,19,28,20,30,35,30,38,58,9-7-1790
959,19,31,20,55,45,32,48,10,9-11-1790
960,20,3,21,21,38,14,41,26,9-30-1790
961,21,54,22,27,44,48,47,41,9-30-1790
962a,20,10,20,21,88,54,91,9,10-1-1790
962b,20,21,21,0,86,54,89,9,10-1-1790
963,20,34,21,30,66,4,68,28,10-3-1790
964a,22,24,22,23,45,27,48,2,10-3-1790
964b,22,33,23,29,45,36,48,11,10-3-1790
967,20,33,20,54,90,9,91,17,10-6-1790
969a,20,0,20,13,43,51,46,49,10-9-1790
969b,20,13,20,34,43,39,46,50,10-9-1790
970a,21,5,21,37,70,27,72,37,10-9-1790
970b,21,37,21,42,70,27,72,52,10-9-1790
970c,21,42,21,47,70,27,72,37,10-9-1790
971,23,14,23,52,57,48,60,14,10-9-1790
972,1,52,4,10,119,39,121,59,10-9-1790
973,21,34,21,59,91,37,93,40,10-10-1790
974,20,49,21,29,87,28,89,34,10-10-1790
975,23,14,0,12,57,54,60,30,11-2-1790
976,2,58,3,56,62,14,64,31,11-2-1790
977,21,49,22,29,48,10,50,39,11-8-1790
978,22,38,22,56,50,20,52,45,11-8-1790
979,23,24,24,21,52,40,55,8,11-8-1790
980a,3,25,4,29,58,13,60,13,11-13-1790
980b,4,29,5,54,58,13,60,53,11-13-1790
981a,23,8,0,5,55,30,58,0,11-26-1790
981b,0,5,0,19,55,10,58,0,11-26-1790
983,0,1,0,41,62,13,64,37,12-2-1790
984,23,43,0,18,85,35,87,37,12-6-1790
985,23,41,0,36,87,7,89,11,12-25-1790
986,1,13,1,42,82,29,84,31,12-25-1790
987,2,42,3,20,72,3,74,18,12-25-1790
988,0,12,0,36,89,7,91,11,12-28-1790
989,3,10,4,42,38,25,41,2,12-28-1790
990,6,13,7,6,38,29,41,13,12-28-1790
991,0,10,0,39,82,19,84,19,12-29-1790
993,5,46,6,56,52,18,54,53,1-3-1790
994,5,41,7,5,119,28,121,48,1-9-1790
995,7,46,8,39,99,11,101,15,2-23-1790
996a,5,11,6,23,43,33,46,26,2-24-1790
996b,6,23,6,40,43,33,46,26,2-24-1790
996c,6,40,7,15,43,33,46,26,2-24-1790
997,9,56,10,41,101,18,103,20,3-7-1790
998,11,14,12,33,116,44,119,0,3-7-1790
999,10,21,12,13,118,45,121,1,3-24-1791
1000,8,48,10,0,24,57,28,43,4-2-1791
1001,12,0,12,41,33,5,36,3,4-2-1791
1002,12,56,13,19,35,41,38,51,4-2-1791
1003,13,49,14,23,32,19,35,23,4-2-1791
1004,8,53,11,14,22,35,25,25,4-3-1791
1005,13,12,16,12,16,50,19,50,5-6-1791
1006,14,28,15,20,69,33,71,49,5-24-1791
1007,16,2,17,31,69,28,71,46,5-24-1791
1008a,13,58,14,27,108,56,111,23,5-25-1791
1008b,14,27,14,49,108,56,111,23,5-25-1791
1009,15,0,15,52,111,24,113,37,5-25-1791
1010,16,41,17,33,93,29,95,31,5-25-1791
1011,14,36,15,23,74,41,76,45,5-26-1791
1012,15,59,16,50,77,23,79,29,5-26-1791
1013,16,1,17,22,56,30,58,53,5-27-1791
1014,15,42,17,53,54,20,56,48,5-28-1791
1015,16,10,17,9,49,45,52,20,5-30-1791
1016,20,4,21,0,116,7,118,21,8-2-1791
1017,18,38,20,2,84,10,86,20,8-21-1791
1018,18,50,19,53,79,26,82,1,8-25-1791
1019,19,16,19,59,95,23,97,58,8-29-1791
1020,12,45,14,7,76,51,78,55,4-11-1792
1021,13,23,14,34,68,15,70,24,4-20-1792
1022,21,7,21,44,81,7,83,9,8-14-1792
1024,19,12,20,27,72,34,75,9,8-22-1792
1025,19,17,19,47,67,57,70,23,8-23-1792
1026,20,5,20,43,66,13,68,43,9-11-1792
1027,19,37,20,36,50,37,52,39,9-15-1792
1028,19,36,20,41,33,5,35,31,9-16-1792
1029,5,22,6,13,54,3,56,31,2-3-1793
1030,4,57,5,25,54,18,56,45,2-4-1793
1031,6,12,7,15,54,18,56,45,2-4-1793
1032,8,0,8,44,114,34,119,50,3-3-1793
1033a,7,54,9,9,117,46,120,2,3-4-1793
1033b,9,9,9,41,118,18,120,34,3-4-1793
1034,7,16,8,23,102,47,104,59,3-8-1793
1035,9,48,10,17,99,34,101,36,4-3-1793
1036,10,22,12,52,19,28,22,18,4-6-1793
1037,11,31,13,20,16,51,19,46,4-7-1793
1038a,9,36,11,0,29,53,32,46,4-8-1793
1038b,11,4,11,16,29,53,32,46,4-8-1793
1039,9,38,11,24,27,34,30,27,4-9-1793
1041,12,20,12,47,116,18,118,36,5-5-1793
1042,13,12,14,27,81,36,83,46,5-12-1793
1043,16,2,17,40,101,45,103,51,5-12-1793
1044,13,18,14,10,86,54,88,56,5-13-1793
1047,18,53,19,25,62,26,64,56,8-25-1793
1048,19,3,19,30,109,45,111,55,8-27-1793
1049,19,17,19,46,38,36,41,22,9-6-1793
1050,21,44,22,44,105,58,108,2,9-6-1793
1051,19,47,20,23,89,20,91,30,9-26-1793
1052,21,30,22,1,101,40,103,55,9-26-1793
1053a,19,57,20,35,121,18,123,40,9-27-1793
1053b,20,35,21,52,121,26,123,48,9-27-1793
1054,21,50,22,9,93,16,95,21,9-28-1793
1056,19,53,20,49,96,26,98,26,10-5-1793
1057,3,2,4,26,53,55,56,18,1-2-1794
1058,10,58,11,26,102,59,105,14,4-19-1794
1062,20,48,21,43,26,40,29,27,10-15-1794
1063,20,44,22,30,21,45,25,13,10-18-1794
1064,12,29,13,45,11,26,14,54,11-22-1797
1065,12,53,13,29,11,40,15,25,12-9-1797
1066a,12,12,13,7,11,49,15,26,12-10-1797
1066b,13,39,14,6,11,38,15,15,12-10-1797
1066c,14,10,14,29,11,41,15,18,12-10-1797
1067a,15,25,16,2,11,24,15,8,12-10-1797
1067b,16,16,16,52,11,24,15,8,12-10-1797
1068,11,25,12,24,11,40,15,12,12-12-1797
1069,13,50,14,15,11,39,15,12,12-12-1797
1070,14,22,15,27,11,37,15,10,12-12-1797
1071a,16,41,16,49,11,26,15,2,12-12-1797
1071b,16,49,18,7,11,55,15,31,12-12-1797
1074,11,54,14,54,9,7,12,42,12-20-1797
1075,16,23,17,55,8,56,12,31,12-20-1797
1076,19,3,20,16,115,20,117,40,9-5-1798
1077,19,21,21,6,29,15,33,15,9-9-1798
1078a,19,43,20,40,25,12,29,27,9-13-1798
1078b,20,40,21,6,25,5,29,27,9-13-1798
1079,20,55,21,41,23,37,27,20,9-16-1798
1080,20,2,21,21,17,51,22,14,10-2-1798
1081,21,16,22,6,17,41,22,4,10-7-1798
1082,0,0,1,6,13,48,18,10,10-7-1798
1083a,20,24,20,47,13,22,17,48,10-12-1798
1083b,21,17,22,3,13,27,17,53,10-12-1798
1084b,0,1,1,56,119,41,122,5,12-9-1798
1085,4,17,5,11,80,57,82,57,12-9-1798
1086,23,56,0,45,99,29,101,33,12-10-1798
1087,2,36,3,18,100,24,102,35,12-10-1798
1088,5,47,6,56,100,55,103,2,12-10-1798
1089,6,33,7,27,108,7,110,8,1-30-1799
1090,17,23,18,29,71,41,73,53,6-29-1799
1091a,2,44,2,51,110,52,112,52,12-19-1799
1091b,2,59,3,30,110,52,112,52,12-19-1799
1091c,3,36,3,56,110,42,112,42,12-19-1799
1093a,4,24,5,20,73,20,75,45,1-21-1800
1093b,5,20,5,59,73,7,75,32,1-21-1800
1094a,2,30,2,47,52,38,54,43,1-14-1801
1094b,2,57,3,55,52,38,54,43,1-14-1801
1095,7,19,8,52,108,0,110,11,3-15-1801
1098,10,8,10,50,81,40,83,47,4-12-1801
1107,14,2,15,28,57,14,59,36,5-21-1802
1108,17,39,18,5,99,30,101,59,6-21-1802
1109,17,51,19,0,49,35,52,1,6-26-1802
1110,19,51,21,23,91,19,93,25,9-25-1802